model,qid,hallucination_score,correctness_score,completeness,relevance,regulatory_consistency,semantic_similarity,category
VisaMate,1,0.1772226972026714,0.8227773027973286,0.875924342657762,0.7779383142209968,0.1,0.875924342657762,Initial F-1 Entry
VisaMate,2,0.1570168332618546,0.8429831667381454,0.8654055023713068,0.5254753772745461,0.2,0.8654055023713068,Initial F-1 Entry
VisaMate,3,0.1944230511144405,0.8055769488855595,0.7408120518407536,0.7781899507428506,0.3,0.7408120518407536,Initial F-1 Entry
VisaMate,4,0.8097566591079618,0.1902433408920382,0.634144469640127,0.6442839804644105,0.2,0.634144469640127,Initial F-1 Entry
VisaMate,5,0.0564677668785837,0.9435322331214163,0.8117741104047207,0.6943198380551283,0.1,0.8117741104047207,Initial F-1 Entry
VisaMate,6,0.4555212165899019,0.5444787834100981,0.7778449858511962,0.7971737141758629,0.1,0.7778449858511962,Initial F-1 Entry
VisaMate,7,0.4796671893383721,0.5203328106616278,0.762220479983204,0.5654557802992181,0.0,0.762220479983204,Initial F-1 Entry
VisaMate,8,0.1597099145070887,0.8402900854929113,0.8565225071985929,0.7763365093900007,0.2,0.8565225071985929,Initial F-1 Entry
VisaMate,9,0.0477277119231372,0.9522722880768628,0.8409621117385906,0.547853962460599,0.4,0.8409621117385906,Initial F-1 Entry
VisaMate,10,0.5895306776389206,0.41046932236107936,0.5904532967591536,0.46592602229377367,0.2,0.5904532967591536,Initial F-1 Entry
VisaMate,11,0.5966404144903539,0.4033595855096461,0.7611986183654866,0.5878670361952407,0.2,0.7611986183654866,CPT
VisaMate,12,0.5711719164973809,0.42882808350261914,0.6516491672309526,0.6304250215299526,0.5,0.6516491672309526,CPT
VisaMate,13,0.1956297869888597,0.8043702130111403,0.7367895989260234,0.722377967338588,0.2,0.7367895989260234,CPT
VisaMate,14,0.4528035161396287,0.5471964838603713,0.6573585529670708,0.7242710899555171,0.2,0.6573585529670708,CPT
VisaMate,15,0.0677560908520413,0.9322439091479587,0.7741463638265288,0.7257198715568978,0.2,0.7741463638265288,CPT
VisaMate,16,0.424510709528875,0.5754892904711251,0.7516309682370832,0.7263843103170097,0.3,0.7516309682370832,CPT
VisaMate,17,0.0415194942687866,0.9584805057312134,0.8616016857707111,0.7845547872197999,0.3,0.8616016857707111,CPT
VisaMate,18,0.3296359047820354,0.6703640952179646,0.6789914285043261,0.5465303011736367,0.3,0.6789914285043261,CPT
VisaMate,19,0.6582435399334425,0.34175646006655747,0.7502993113329696,0.6134897141610993,0.2,0.7502993113329696,CPT
VisaMate,20,0.0715876236112772,0.9284123763887228,0.7614292146896934,0.6043468256431248,0.3,0.7614292146896934,CPT
VisaMate,21,0.2435894576020446,0.7564105423979555,0.7713684746598511,0.7651628285006026,0.2,0.7713684746598511,OPT
VisaMate,22,0.0706550160387469,0.9293449839612531,0.7645134497660335,0.6593418976119922,0.3,0.7645134497660335,OPT
VisaMate,23,0.0867694246501453,0.9132305753498547,0.7107651018245317,0.7422432600117562,0.4,0.7107651018245317,OPT
VisaMate,24,0.4528566008419253,0.5471433991580748,0.7867742934898784,0.8051385507788703,0.2,0.7867742934898784,OPT
VisaMate,25,0.5416405419037928,0.45835945809620715,0.7500870825429127,0.7623968387813959,0.3,0.7500870825429127,OPT
VisaMate,26,0.4230283927187566,0.5769716072812434,0.7565805362586389,0.7212959549911776,0.2,0.7565805362586389,OPT
VisaMate,27,0.3494080741701267,0.6505919258298734,0.807528641655133,0.7731958651448915,0.4,0.807528641655133,OPT
VisaMate,28,0.0582228937979709,0.9417771062020291,0.8059236873400968,0.6817992571764773,0.4,0.8059236873400968,OPT
VisaMate,29,0.1694323262124153,0.8305676737875847,0.8241144681808378,0.7687779015764986,0.1,0.8241144681808378,OPT
VisaMate,30,0.0721993281082911,0.9278006718917089,0.7593355729723629,0.750392009919242,0.2,0.7593355729723629,OPT
VisaMate,31,0.2950560859574596,0.7049439140425404,0.7942298068165051,0.7919603799095186,0.4,0.7942298068165051,STEM OPT
VisaMate,32,0.0515088303443902,0.9484911696556098,0.8283038988520325,0.8031981803014302,0.4,0.8283038988520325,STEM OPT
VisaMate,33,0.3000352091052867,0.6999647908947133,0.7776697234930413,0.6738527124586913,0.3,0.7776697234930413,STEM OPT
VisaMate,34,0.0240400880495058,0.9759599119504943,0.9198663731683138,0.582522018676642,0.5,0.9198663731683138,STEM OPT
VisaMate,35,0.1181534688655857,0.8818465311344144,0.8654143630406401,0.7968119962318438,0.3,0.8654143630406401,STEM OPT
VisaMate,36,0.165493929039685,0.834506070960315,0.8372095896908232,0.7407242100329404,0.4,0.8372095896908232,STEM OPT
VisaMate,37,0.2785963212455434,0.7214036787544567,0.8491233736259665,0.5887510434243515,0.3,0.8491233736259665,STEM OPT
VisaMate,38,0.2711794765440941,0.728820523455906,0.8738461892974642,0.8264621885375045,0.3,0.8738461892974642,STEM OPT
VisaMate,39,0.0581262625999909,0.9418737374000091,0.8062457913333634,0.762852358387083,0.3,0.8062457913333634,STEM OPT
VisaMate,40,0.1721728665538318,0.8278271334461682,0.8149793337094494,0.7839619279193422,0.4,0.8149793337094494,STEM OPT
VisaMate,41,0.2279754072001602,0.7720245927998398,0.823415309332799,0.758443979465958,0.3,0.823415309332799,Job Loss
VisaMate,42,0.3281992358423246,0.6718007641576754,0.7810025471922512,0.4425777326901423,0.2,0.7810025471922512,Job Loss
VisaMate,43,0.2264603113330311,0.7735396886669689,0.8284070316948586,0.5709356144872519,0.3,0.8284070316948586,Job Loss
VisaMate,44,0.859886259620871,0.14011374037912905,0.4670458012637633,0.47939320726204077,0.2,0.4670458012637633,Job Loss
VisaMate,45,0.3174939568653114,0.6825060431346885,0.7193762533570621,0.7075960940577295,0.3,0.7193762533570621,Job Loss
VisaMate,46,0.255092192448777,0.744907807551223,0.733026025170743,0.5830548075338249,0.3,0.733026025170743,Job Loss
VisaMate,47,0.43456672941718,0.56543327058282,0.7181275000436201,0.45094564036731644,0.3,0.7181275000436201,Job Loss
VisaMate,48,0.85031255587773,0.14968744412226997,0.4989581470742332,0.40659343007076365,0.3,0.4989581470742332,Job Loss
VisaMate,49,0.1766671856098478,0.8233328143901522,0.7999899751197748,0.7757628169461872,0.2,0.7999899751197748,Job Loss
VisaMate,50,0.453101198846691,0.546898801153309,0.6563307537037639,0.7187748142504162,0.2,0.6563307537037639,Job Loss
VisaMate,51,0.4723069944910972,0.5276930055089029,0.7867544628074534,0.7810734769939744,0.2,0.7867544628074534,Travel
VisaMate,52,0.1172535228312091,0.882746477168791,0.9202660350070806,0.7728124858804829,0.3,0.9202660350070806,Travel
VisaMate,53,0.3230213968103428,0.6769786031896572,0.7009775760502353,0.7154738550826203,0.2,0.7009775760502353,Travel
VisaMate,54,0.2893989394255488,0.7106010605744513,0.8131146463592818,0.7854594782987706,0.3,0.8131146463592818,Travel
VisaMate,55,0.0434440083259432,0.9565559916740568,0.8551866389135225,0.7680698166071169,0.2,0.8551866389135225,Travel
VisaMate,56,0.2669832906560717,0.7330167093439284,0.7581836172551503,0.7791961876079652,0.3,0.7581836172551503,Travel
VisaMate,57,0.2978536914353055,0.7021463085646945,0.7849321396600927,0.6216052065624145,0.1,0.7849321396600927,Travel
VisaMate,58,0.8002675520006658,0.1997324479993342,0.6657748266644471,0.6767196130220069,0.3,0.6657748266644471,Travel
VisaMate,59,0.4148607936726697,0.5851392063273303,0.783797354424434,0.6758709779158022,0.3,0.783797354424434,Travel
VisaMate,60,0.0806316164507792,0.9193683835492208,0.7312279451640691,0.6296197919208294,0.3,0.7312279451640691,Travel
VisaMate,61,0.0413161648156175,0.9586838351843825,0.8622794506146082,0.7512755459453566,0.1,0.8622794506146082,H-1B Transition
VisaMate,62,0.3957399168233078,0.6042600831766922,0.8475336105889739,0.8222859327850413,0.3,0.8475336105889739,H-1B Transition
VisaMate,63,0.2178455314240167,0.7821544685759834,0.8571815619199443,0.6912486545001401,0.2,0.8571815619199443,H-1B Transition
VisaMate,64,0.3037255318181847,0.6962744681818154,0.5709148939393843,0.6085466461726372,0.2,0.5709148939393843,H-1B Transition
VisaMate,65,0.4417891731069454,0.5582108268930546,0.6940360896435154,0.7988946510493455,0.0,0.6940360896435154,H-1B Transition
VisaMate,66,0.6566852948751122,0.3433147051248878,0.7554934615274038,0.6429429150911663,0.3,0.7554934615274038,H-1B Transition
VisaMate,67,0.413639159291925,0.5863608407080749,0.7878703181700302,0.7449604579875009,0.1,0.7878703181700302,H-1B Transition
VisaMate,68,0.0728838669359901,0.9271161330640099,0.7570719182559927,0.7356793555271318,0.2,0.7570719182559927,H-1B Transition
VisaMate,69,0.0579946577834086,0.9420053422165914,0.8066844740553044,0.7103168833930801,0.2,0.8066844740553044,H-1B Transition
VisaMate,70,0.1635342259186024,0.8364657740813977,0.8437748024935473,0.7686038096021671,0.0,0.8437748024935473,H-1B Transition
VisaMate,71,0.4292019054564859,0.570798094543514,0.7359936484783801,0.6986048493481377,0.2,0.7359936484783801,Remote Work
VisaMate,72,0.2602901310692218,0.7397098689307782,0.715699563102594,0.5692480851938012,0.4,0.715699563102594,Remote Work
VisaMate,73,0.0521939537189548,0.9478060462810451,0.8260201542701504,0.7800086821212503,0.3,0.8260201542701504,Remote Work
VisaMate,74,0.3330901627517844,0.6669098372482156,0.6674731714861951,0.6444871388941233,0.2,0.6674731714861951,Remote Work
VisaMate,75,0.0886308281077125,0.9113691718922875,0.7045639063076248,0.5384834896775103,0.4,0.7045639063076248,Remote Work
VisaMate,76,0.531595685631564,0.468404314368436,0.7835699367836757,0.7481543380414178,0.1,0.7835699367836757,Remote Work
VisaMate,77,0.2983316868226091,0.7016683131773909,0.7833388217024142,0.8201885902772678,0.4,0.7833388217024142,Remote Work
VisaMate,78,0.2621578794331015,0.7378421205668986,0.7094737352229947,0.7093286107205503,0.1,0.7094737352229947,Remote Work
VisaMate,79,0.4197251249321205,0.5802748750678794,0.7675829168929316,0.6079764358322968,0.2,0.7675829168929316,Remote Work
VisaMate,80,0.3604593524118652,0.6395406475881348,0.7317993701741732,0.7921349154374552,0.2,0.7317993701741732,Remote Work
VisaMate,81,0.4295072882478563,0.5704927117521437,0.7349378941773271,0.8254528669438211,0.3,0.7349378941773271,Multiple Jobs
VisaMate,82,0.05313190023769,0.94686809976231,0.8228936658743665,0.8295697036997784,0.2,0.8228936658743665,Multiple Jobs
VisaMate,83,0.0394378515945821,0.9605621484054179,0.868540494684726,0.6706257795875514,0.4,0.868540494684726,Multiple Jobs
VisaMate,84,0.243066590977162,0.756933409022838,0.7730984042175337,0.6695709963563767,0.4,0.7730984042175337,Multiple Jobs
VisaMate,85,0.2815152976594865,0.7184847023405134,0.8393809157919269,0.8277275459057254,0.4,0.8393809157919269,Multiple Jobs
VisaMate,86,0.1245271792730098,0.8754728207269902,0.5849094024233006,0.4536329184478237,0.2,0.5849094024233006,Multiple Jobs
VisaMate,87,0.4458226607168732,0.5541773392831268,0.6805911309437558,0.7566808002184465,0.2,0.6805911309437558,Multiple Jobs
VisaMate,88,0.7912974705398151,0.20870252946018486,0.6956750982006159,0.7104887543436987,0.2,0.6956750982006159,Multiple Jobs
VisaMate,89,0.4194616394732868,0.5805383605267131,0.7684612017557104,0.7905004331763239,0.2,0.7684612017557104,Multiple Jobs
VisaMate,90,0.3165196669493371,0.6834803330506629,0.7226966755762801,0.7006577699000638,0.4,0.7226966755762801,Multiple Jobs
VisaMate,91,0.2822863880261214,0.7177136119738786,0.8368231510240397,0.8190156977709968,0.2,0.8368231510240397,Grace Period
VisaMate,92,0.2315726224630507,0.7684273775369493,0.8114626674168376,0.7080135725537364,0.1,0.8114626674168376,Grace Period
VisaMate,93,0.0437122825147365,0.9562877174852635,0.8545630697332742,0.8100900504125517,0.2,0.8545630697332742,Grace Period
VisaMate,94,0.6102269965018778,0.38977300349812216,0.7159100116604069,0.7264828750379285,0.3,0.7159100116604069,Grace Period
VisaMate,95,0.0462793418985225,0.9537206581014775,0.8457355270049248,0.7463165331574426,0.2,0.8457355270049248,Grace Period
VisaMate,96,0.416150303029655,0.5838496969703451,0.7794900361327308,0.814085304493414,0.1,0.7794900361327308,Grace Period
VisaMate,97,0.6103741742647026,0.38962582573529736,0.6505441190294192,0.7819945190453098,0.1,0.6505441190294192,Grace Period
VisaMate,98,0.8332613638721424,0.16673863612785755,0.5557940264109533,0.7505527773348091,0.1,0.5557940264109533,Grace Period
VisaMate,99,0.440137761591228,0.5598622384087719,0.6995407946959065,0.6022111572575272,0.2,0.6995407946959065,Grace Period
VisaMate,100,0.188529329924748,0.811470670075252,0.7604197049673396,0.7851144325701416,0.2,0.7604197049673396,Grace Period
VisaMate,101,0.5062289525955697,0.49377104740443034,0.8681257135703234,0.8100730054204609,0.3,0.8681257135703234,Admin Issues
VisaMate,102,0.1257888271134593,0.8742111728865407,0.8399631688810615,0.7501623445747894,0.2,0.8399631688810615,Admin Issues
VisaMate,103,0.0754989796438585,0.9245010203561415,0.7483367345204714,0.702136842506236,0.2,0.7483367345204714,Admin Issues
VisaMate,104,0.0619635677876132,0.9380364322123868,0.7934547740412891,0.8101659857124933,0.2,0.7934547740412891,Admin Issues
VisaMate,105,0.1977898320478686,0.8022101679521314,0.8592190783589564,0.7844945081000521,0.2,0.8592190783589564,Admin Issues
VisaMate,106,0.0542013136532325,0.9457986863467676,0.8192881667066257,0.7343869735677502,0.2,0.8192881667066257,Admin Issues
VisaMate,107,0.036985412933638,0.963014587066362,0.8767374823692784,0.7316550282370703,0.1,0.8767374823692784,Admin Issues
VisaMate,108,0.0620389544152522,0.9379610455847478,0.7931955841866091,0.7466568642533246,0.3,0.7931955841866091,Admin Issues
VisaMate,109,0.5183192691023762,0.48168073089762375,0.8278246585476347,0.8207262223680274,0.2,0.8278246585476347,Admin Issues
VisaMate,110,0.2741951108852144,0.7258048891147856,0.863794074827063,0.787323033872216,0.1,0.863794074827063,Admin Issues
VisaMate,111,0.0621361734149261,0.937863826585074,0.7928794219502461,0.7923003521991353,0.4,0.7928794219502461,Admin Issues
VisaMate,112,0.3083798695008898,0.6916201304991102,0.7498448794414785,0.7218512581775739,0.1,0.7498448794414785,Admin Issues
VisaMate,113,0.0467409590242101,0.95325904097579,0.8441446674107073,0.7427734980990013,0.4,0.8441446674107073,Admin Issues
VisaMate,114,0.0895303195519743,0.9104696804480257,0.7015656014934188,0.6153538130839767,0.3,0.7015656014934188,Admin Issues
VisaMate,115,0.4451574072367333,0.5548425927632668,0.6828086425442221,0.7201864663963555,0.2,0.6828086425442221,Admin Issues
VisaMate,116,0.0412937586796278,0.9587062413203722,0.8623829405527963,0.8253010367091206,0.4,0.8623829405527963,Admin Issues
VisaMate,117,0.1111958143500875,0.8888041856499125,0.8886065447589676,0.6881991256159301,0.4,0.8886065447589676,Admin Issues
VisaMate,118,0.0400150835262869,0.9599849164737131,0.8666565096718193,0.7888849300588084,0.2,0.8666565096718193,Admin Issues
VisaMate,119,0.0381984874624361,0.9618015125375639,0.8726927654177998,0.7851476553515823,0.2,0.8726927654177998,Admin Issues
VisaMate,120,0.0625985335392541,0.937401466460746,0.7914226736364888,0.7814859547328186,0.3,0.7914226736364888,Admin Issues
VisaMate,121,0.1632220724548296,0.8367779275451704,0.8448153140394569,0.7919640516333537,0.2,0.8448153140394569,Academic Issues
VisaMate,122,0.2662848522800988,0.7337151477199012,0.6957171590663372,0.693236465387171,0.2,0.6957171590663372,Academic Issues
VisaMate,123,0.6770909151955394,0.32290908480446057,0.6874559952014292,0.7782373805457321,0.1,0.6874559952014292,Academic Issues
VisaMate,124,0.4271694122683548,0.5728305877316452,0.7422188041030582,0.6371083073187921,0.1,0.7422188041030582,Academic Issues
VisaMate,125,0.3070077903902385,0.6929922096097615,0.7544676291961601,0.655750830333963,0.2,0.7544676291961601,Academic Issues
VisaMate,126,0.0594070086813984,0.9405929913186016,0.8019570277159257,0.7193541852211073,0.2,0.8019570277159257,Academic Issues
VisaMate,127,0.2274407523724242,0.7725592476275758,0.8251974920919193,0.6545235131065107,0.1,0.8251974920919193,Academic Issues
VisaMate,128,0.2427382665182259,0.7572617334817742,0.774161966296829,0.7570711133419896,0.2,0.774161966296829,Academic Issues
VisaMate,129,0.1456015331266241,0.854398466873376,0.7741912468633747,0.6963571520600813,0.3,0.7741912468633747,Academic Issues
VisaMate,130,0.5398822027813116,0.4601177972186884,0.7559913922106479,0.8193285514126354,0.1,0.7559913922106479,Academic Issues
VisaMate,131,0.166562201326323,0.833437798673677,0.8339855860840117,0.8029117518404439,0.2,0.8339855860840117,Academic Issues
VisaMate,132,0.2252045888846235,0.7747954111153765,0.832651370384588,0.769470143513482,0.1,0.832651370384588,Academic Issues
VisaMate,133,0.4163023101283528,0.5836976898716473,0.7790163803720812,0.6534508600678293,0.1,0.7790163803720812,Academic Issues
VisaMate,134,0.809952505080798,0.19004749491920203,0.6334424032597485,0.5804175134193242,0.1,0.6334424032597485,Academic Issues
VisaMate,135,0.809721549106765,0.19027845089323503,0.634231879490543,0.6012862787221722,0.4,0.634231879490543,Academic Issues
VisaMate,136,0.820122424336918,0.17987757566308205,0.5996386707877838,0.6736851153540997,0.1,0.5996386707877838,Academic Issues
VisaMate,137,0.0596637444482721,0.940336255551728,0.8011208518390929,0.4595174233510871,0.3,0.8011208518390929,Academic Issues
VisaMate,138,0.2413463004105921,0.7586536995894079,0.7788422315715464,0.7807218950501754,0.1,0.7788422315715464,Academic Issues
VisaMate,139,0.798330582513406,0.20166941748659395,0.6722313916219796,0.6110095774435296,0.1,0.6722313916219796,Academic Issues
VisaMate,140,0.1821740735726925,0.8178259264273076,0.7816419769799136,0.6385186024135607,0.4,0.7816419769799136,Academic Issues
VisaMate,141,0.05296558599781,0.94703441400219,0.8235172473880599,0.7736880706906334,0.2,0.8235172473880599,Dependents (F-2)
VisaMate,142,0.0441254129825822,0.9558745870174178,0.8529152900580592,0.7554233915906187,0.3,0.8529152900580592,Dependents (F-2)
VisaMate,143,0.1577808816847226,0.8422191183152774,0.8629487963890449,0.8517246224439863,0.2,0.8629487963890449,Dependents (F-2)
VisaMate,144,0.3426494997065931,0.6573505002934069,0.8300551722725081,0.7691792084464526,0.2,0.8300551722725081,Dependents (F-2)
VisaMate,145,0.0840634544183872,0.9159365455816129,0.7197884852720424,0.8068283593274984,0.3,0.7197884852720424,Dependents (F-2)
VisaMate,146,0.2546145034083116,0.7453854965916884,0.7346183219722946,0.7723956291721654,0.3,0.7346183219722946,Dependents (F-2)
VisaMate,147,0.4041291622158732,0.5958708377841269,0.8195908791389854,0.783963594161094,0.0,0.8195908791389854,Dependents (F-2)
VisaMate,148,0.0838840932029365,0.9161159067970635,0.7203863559902114,0.831368014634639,0.4,0.7203863559902114,Dependents (F-2)
VisaMate,149,0.2331359571809605,0.7668640428190395,0.8062373939609597,0.783985436933215,0.0,0.8062373939609597,Dependents (F-2)
VisaMate,150,0.1753151403645944,0.8246848596354056,0.8045050876735742,0.8224333314431024,0.3,0.8045050876735742,Dependents (F-2)
VisaMate,151,0.0439053245759808,0.9560946754240192,0.8536489180800638,0.8588118216752848,0.4,0.8536489180800638,Dependents (F-2)
VisaMate,152,0.2365357643238235,0.7634642356761765,0.7949741145103971,0.8440723753126421,0.2,0.7949741145103971,Dependents (F-2)
VisaMate,153,0.0308731133302113,0.9691268866697887,0.8970896222326288,0.845758180402943,0.2,0.8970896222326288,Dependents (F-2)
VisaMate,154,0.4228921886387668,0.5771078113612331,0.7570260378707772,0.8131601688398192,0.0,0.7570260378707772,Dependents (F-2)
VisaMate,155,0.0497842484405581,0.9502157515594419,0.8340525051981397,0.8282223996439347,0.2,0.8340525051981397,Dependents (F-2)
VisaMate,156,0.0604749439563888,0.9395250560436113,0.7984168534787037,0.8461864928019851,0.0,0.7984168534787037,Dependents (F-2)
VisaMate,157,0.0593660727112129,0.9406339272887871,0.8021159298249181,0.8067987608457291,0.2,0.8021159298249181,Dependents (F-2)
VisaMate,158,0.03939081249495,0.96060918750505,0.8686972916834999,0.7535382279661059,0.2,0.8686972916834999,Dependents (F-2)
VisaMate,159,0.5241711158926892,0.47582888410731083,0.8083267020621393,0.8640936746961513,0.1,0.8083267020621393,Dependents (F-2)
VisaMate,160,0.0505947206393336,0.9494052793606664,0.831350931202221,0.8297315778258739,0.1,0.831350931202221,Dependents (F-2)
VisaMate,161,0.3533521567100048,0.6466478432899951,0.7943816998555394,0.7624452103086785,0.0,0.7943816998555394,Tax
VisaMate,162,0.2097999989527632,0.7902000010472368,0.88398033068585,0.8316348398599558,0.0,0.88398033068585,Tax
VisaMate,163,0.2315588611985039,0.7684411388014961,0.8114381810157123,0.8293625816504617,0.0,0.8114381810157123,Tax
VisaMate,164,0.0700959780360946,0.9299040219639054,0.7663467398796844,0.674669026439685,0.1,0.7663467398796844,Tax
VisaMate,165,0.3099894692790095,0.6900105307209905,0.7444249805337001,0.6035818785767703,0.3,0.7444249805337001,Tax
VisaMate,166,0.8203374296388055,0.17966257036119448,0.5988752345373148,0.7063337764843284,0.1,0.5988752345373148,Tax
VisaMate,167,0.798769883430656,0.20123011656934398,0.6707670552311464,0.538401054332047,0.0,0.6707670552311464,Tax
VisaMate,168,0.7799855406825565,0.22001445931744346,0.7333815310581449,0.8131482843872571,0.0,0.7333815310581449,Tax
VisaMate,169,0.7889028189473806,0.21109718105261943,0.703657270175398,0.5679733586768813,0.0,0.703657270175398,Tax
VisaMate,170,0.7571775394657124,0.24282246053428758,0.8094082017809583,0.7577474084155492,0.0,0.8094082017809583,Tax
VisaMate,171,0.0586482469497066,0.9413517530502934,0.8045058435009779,0.7950652166182944,0.0,0.8045058435009779,Tax
VisaMate,172,0.8201506913228863,0.17984930867711368,0.5994220472420959,0.5673727085639017,0.0,0.5994220472420959,Tax
VisaMate,173,0.4196163430966814,0.5803836569033186,0.7679455230110619,0.7513109418848696,0.1,0.7679455230110619,Tax
VisaMate,174,0.0324200426252114,0.9675799573747886,0.8919032161432313,0.7148647459889628,0.0,0.8919032161432313,Tax
VisaMate,175,0.5090664196161928,0.4909335803838072,0.7031119346126905,0.8210454130592102,0.0,0.7031119346126905,Tax
VisaMate,176,0.3283143548104431,0.671685645189557,0.6834745310835547,0.7246398246322727,0.2,0.6834745310835547,Tax
VisaMate,177,0.1069750389560117,0.8930249610439883,0.6434552336688577,0.5968992366053415,0.2,0.6434552336688577,Tax
VisaMate,178,0.0642505286149013,0.9357494713850987,0.7858312601188857,0.6302023755300996,0.1,0.7858312601188857,Tax
VisaMate,179,0.8002110096498758,0.1997889903501242,0.6659633011670806,0.7371397888372554,0.0,0.6659633011670806,Tax
VisaMate,180,0.0337691377855347,0.9662308622144653,0.8874362073815508,0.7654267844158227,0.0,0.8874362073815508,Tax
VisaMate,181,0.6454196364891126,0.3545803635108874,0.7930456561474024,0.8348955070130315,0.2,0.7930456561474024,Long-term Planning
VisaMate,182,0.0446875293296292,0.9553124706703708,0.8510415689012357,0.7214135404131414,0.1,0.8510415689012357,Long-term Planning
VisaMate,183,0.4112759530473377,0.5887240469526622,0.7957468231755408,0.7453877965450755,0.2,0.7957468231755408,Long-term Planning
VisaMate,184,0.0811641283791001,0.9188358716208999,0.7294529054029996,0.6270078953510099,0.4,0.7294529054029996,Long-term Planning
VisaMate,185,0.4047600972758626,0.5952399027241374,0.8174358631503793,0.7880939854140612,0.3,0.8174358631503793,Long-term Planning
VisaMate,186,0.404477127246809,0.5955228727531909,0.8184095758439699,0.7341266160981367,0.1,0.8184095758439699,Long-term Planning
VisaMate,187,0.3999096648384601,0.6000903351615399,0.8337015472939,0.8317835557591827,0.0,0.8337015472939,Long-term Planning
VisaMate,188,0.0381003715439938,0.9618996284560062,0.8729987615200206,0.79508848237856,0.1,0.8729987615200206,Long-term Planning
VisaMate,189,0.109486337101412,0.890513662898588,0.6350455429952933,0.7893949569328763,0.1,0.6350455429952933,Long-term Planning
VisaMate,190,0.0416427363470214,0.9583572636529786,0.8611871180822811,0.8351307070590669,0.1,0.8611871180822811,Long-term Planning
VisaMate,191,0.383942758949623,0.6160572410503771,0.8868574701679233,0.8454765996087975,0.1,0.8868574701679233,Long-term Planning
VisaMate,192,0.2697797349195632,0.7302202650804368,0.6840675502681225,0.7998010500568218,0.1,0.6840675502681225,Long-term Planning
VisaMate,193,0.4130847179259131,0.5869152820740868,0.7897412080242361,0.8037499490268684,0.1,0.7897412080242361,Long-term Planning
VisaMate,194,0.7685555471910441,0.23144445280895587,0.7714377887120074,0.7829508044480281,0.1,0.7714377887120074,Long-term Planning
VisaMate,195,0.058859592795764,0.941140407204236,0.8038013573474531,0.8131944893034665,0.1,0.8038013573474531,Long-term Planning
VisaMate,196,0.0304510539811446,0.9695489460188554,0.8985246439847316,0.7515101468235816,0.1,0.8985246439847316,Long-term Planning
VisaMate,197,0.0614587237029043,0.9385412762970957,0.7951284454666502,0.7883633532674813,0.1,0.7951284454666502,Long-term Planning
VisaMate,198,0.5325464127992877,0.4674535872007123,0.7804008462245966,0.708499180943628,0.2,0.7804008462245966,Long-term Planning
VisaMate,199,0.0809193309561712,0.9190806690438288,0.7302605723391808,0.6652414993878034,0.2,0.7302605723391808,Long-term Planning
VisaMate,200,0.3631069812501811,0.636893018749819,0.8266804328697669,0.7560884571077263,0.2,0.8266804328697669,Long-term Planning
GPT4o,1,0.1467451624843984,0.8532548375156016,0.8219605694964497,0.8239584781581049,0.2,0.8219605694964497,Initial F-1 Entry
GPT4o,2,0.2005593984414315,0.7994406015585684,0.7203920036859062,0.7085127153044095,0.1,0.7203920036859062,Initial F-1 Entry
GPT4o,3,0.1183645875931036,0.8816354124068964,0.7998958191340989,0.8032659755909978,0.3,0.7998958191340989,Initial F-1 Entry
GPT4o,4,0.0893166611092311,0.9106833388907689,0.7022777963025627,0.7681921589943486,0.1,0.7022777963025627,Initial F-1 Entry
GPT4o,5,0.4904578047099219,0.509542195290078,0.5318073176335933,0.74550311262457,0.1,0.5318073176335933,Initial F-1 Entry
GPT4o,6,0.149589571955475,0.850410428044525,0.7606273527410093,0.7517433215344342,0.2,0.7606273527410093,Initial F-1 Entry
GPT4o,7,0.5023171805944304,0.4976828194055696,0.49227606468523194,0.6714794322015093,0.0,0.49227606468523194,Initial F-1 Entry
GPT4o,8,0.1613806642467549,0.8386193357532451,0.8515578048244994,0.7795582110831366,0.2,0.8515578048244994,Initial F-1 Entry
GPT4o,9,0.1318637949288483,0.8681362050711516,0.5605309152834198,0.7763868017768357,0.2,0.5605309152834198,Initial F-1 Entry
GPT4o,10,0.9022916654528386,0.09770833454716144,0.3256944484905377,0.692470379551936,0.1,0.3256944484905377,Initial F-1 Entry
GPT4o,11,0.0694218417720672,0.9305781582279328,0.768593860759776,0.6790684959273217,0.1,0.768593860759776,CPT
GPT4o,12,0.8884217571472649,0.1115782428527351,0.3719235577466007,0.70160222692966,0.0,0.3719235577466007,CPT
GPT4o,13,0.2119817123172979,0.7880182876827021,0.6822831811645625,0.7130517811108156,0.4,0.6822831811645625,CPT
GPT4o,14,0.4532726633863084,0.5467273366136916,0.6559150342661019,0.7367769357921403,0.1,0.6559150342661019,CPT
GPT4o,15,0.3246139519574617,0.6753860480425383,0.6957312712529053,0.7177744526315638,0.3,0.6957312712529053,CPT
GPT4o,16,0.4369905056927933,0.5630094943072067,0.7100316476906889,0.6910279232494708,0.3,0.7100316476906889,CPT
GPT4o,17,0.0750428352900214,0.9249571647099786,0.7498572156999285,0.6959598854849683,0.3,0.7498572156999285,CPT
GPT4o,18,0.1952429582296534,0.8047570417703466,0.7381936824260655,0.6629413465638136,0.2,0.7381936824260655,CPT
GPT4o,19,0.2987517783295955,0.7012482216704046,0.781938516679126,0.6786077052346581,0.3,0.781938516679126,CPT
GPT4o,20,0.0941896445197626,0.9058103554802374,0.6860345182674578,0.5503441388045204,0.4,0.6860345182674578,CPT
GPT4o,21,0.0585536870352851,0.9414463129647149,0.8048330579040957,0.7196495252437032,0.4,0.8048330579040957,OPT
GPT4o,22,0.0794660037434051,0.9205339962565949,0.7351186915719873,0.6711832216409046,0.2,0.7351186915719873,OPT
GPT4o,23,0.4337245181460992,0.5662754818539009,0.7209182728463357,0.7455261915772297,0.1,0.7209182728463357,OPT
GPT4o,24,0.1416611555838038,0.8583388444161962,0.7870554073132464,0.7293275751322488,0.3,0.7870554073132464,OPT
GPT4o,25,0.3152347036030776,0.6847652963969224,0.7269853908993041,0.7474791020523107,0.4,0.7269853908993041,OPT
GPT4o,26,0.4284913173368075,0.5715086826631925,0.7383482965304985,0.7393964948543125,0.3,0.7383482965304985,OPT
GPT4o,27,0.3466160514082578,0.6533839485917422,0.8168565687331418,0.8134212072138342,0.3,0.8168565687331418,OPT
GPT4o,28,0.0576636171662284,0.9423363828337716,0.8077879427792385,0.7710854234686088,0.5,0.8077879427792385,OPT
GPT4o,29,0.1833124469733685,0.8166875530266315,0.7778473989776603,0.7524842667359589,0.2,0.7778473989776603,OPT
GPT4o,30,0.0821558524458447,0.9178441475541553,0.7270749228069908,0.7846442675147083,0.2,0.7270749228069908,OPT
GPT4o,31,0.301013617891777,0.698986382108223,0.7743990514718542,0.7852197787727299,0.4,0.7743990514718542,STEM OPT
GPT4o,32,0.0497147147352691,0.9502852852647309,0.8342842842157696,0.8098472114133819,0.4,0.8342842842157696,STEM OPT
GPT4o,33,0.2914024565084784,0.7085975434915216,0.8064362560828499,0.7282829213057865,0.2,0.8064362560828499,STEM OPT
GPT4o,34,0.035164870475331,0.964835129524669,0.8827572847950385,0.5615699874861088,0.3,0.8827572847950385,STEM OPT
GPT4o,35,0.1367719751872972,0.8632280248127028,0.8034032968614961,0.7993412317191718,0.4,0.8034032968614961,STEM OPT
GPT4o,36,0.1683746539586715,0.8316253460413285,0.827640042359984,0.7276596937487129,0.2,0.827640042359984,STEM OPT
GPT4o,37,0.8338653240550327,0.16613467594496734,0.553782253149891,0.7829630328000462,0.0,0.553782253149891,STEM OPT
GPT4o,38,0.2800389392516382,0.7199610607483617,0.8445079624452696,0.768970590777301,0.3,0.8445079624452696,STEM OPT
GPT4o,39,0.053817117651159,0.946182882348841,0.8205739797442674,0.7906420088712249,0.2,0.8205739797442674,STEM OPT
GPT4o,40,0.1896681848481287,0.8103318151518712,0.7566616060617932,0.7926920836439476,0.3,0.7566616060617932,STEM OPT
GPT4o,41,0.2410090362649216,0.7589909637350785,0.7799698791169279,0.7815899810889656,0.3,0.7799698791169279,Job Loss
GPT4o,42,0.7907357503472319,0.20926424965276813,0.405886102995989,0.7062028885405105,0.1,0.405886102995989,Job Loss
GPT4o,43,0.8406595486529647,0.15934045134703534,0.5311348378234511,0.7552540503547883,0.0,0.5311348378234511,Job Loss
GPT4o,44,0.8166298276253863,0.18337017237461373,0.6112339079153788,0.7258501361308787,0.0,0.6112339079153788,Job Loss
GPT4o,45,0.3220744536683566,0.6779255463316434,0.7041730335197789,0.6814836590316056,0.4,0.7041730335197789,Job Loss
GPT4o,46,0.2752103604232637,0.7247896395767364,0.6659654652557874,0.7777051516530142,0.1,0.6659654652557874,Job Loss
GPT4o,47,0.8263791688577097,0.17362083114229032,0.5787361038076342,0.7755996283899174,0.0,0.5787361038076342,Job Loss
GPT4o,48,0.8538175069119346,0.1461824930880654,0.48727497696021793,0.6971497555431033,0.1,0.48727497696021793,Job Loss
GPT4o,49,0.1737936852413365,0.8262063147586635,0.8095766047511006,0.7588362424059375,0.2,0.8095766047511006,Job Loss
GPT4o,50,0.5050774197030086,0.49492258029699143,0.4830349924494113,0.7963902587189763,0.1,0.4830349924494113,Job Loss
GPT4o,51,0.060608952673679,0.939391047326321,0.7979073222786675,0.7201675276085507,0.5,0.7979073222786675,Travel
GPT4o,52,0.1454237063533567,0.8545762936466433,0.8263584915552807,0.7523473750305681,0.3,0.8263584915552807,Travel
GPT4o,53,0.2082111890901955,0.7917888109098045,0.6948515919215705,0.7534379405553059,0.3,0.6948515919215705,Travel
GPT4o,54,0.2909160882076806,0.7090839117923193,0.8080574837521757,0.7339430556779418,0.5,0.8080574837521757,Travel
GPT4o,55,0.0536004063127905,0.9463995936872095,0.8213149013769964,0.7517985880116463,0.4,0.8213149013769964,Travel
GPT4o,56,0.1888825408439488,0.8111174591560513,0.6296507897794298,0.8138728245399801,0.3,0.6296507897794298,Travel
GPT4o,57,0.4559686324650068,0.5440313675349933,0.6467693048611988,0.7359956125037164,0.0,0.6467693048611988,Travel
GPT4o,58,0.8561579789535685,0.1438420210464315,0.4794734034881049,0.6071041196646525,0.0,0.4794734034881049,Travel
GPT4o,59,0.8206599071720004,0.17934009282799956,0.597800309426665,0.8026903126238972,0.0,0.597800309426665,Travel
GPT4o,60,0.0785456779672056,0.9214543220327944,0.7381782943089988,0.6983062100353122,0.3,0.7381782943089988,Travel
GPT4o,61,0.0569034034059869,0.9430965965940131,0.8103219886467101,0.7180604107532602,0.1,0.8103219886467101,H-1B Transition
GPT4o,62,0.3759878762948448,0.6240121237051552,0.9133737456838505,0.7547947130309959,0.2,0.9133737456838505,H-1B Transition
GPT4o,63,0.1371353594804829,0.8628646405195171,0.8345488017317236,0.6971268102686909,0.3,0.8345488017317236,H-1B Transition
GPT4o,64,0.1033640543149874,0.8966359456850126,0.6554531522833752,0.753504379747746,0.1,0.6554531522833752,H-1B Transition
GPT4o,65,0.1144291108830454,0.8855708891169546,0.6185696303898486,0.7922853838837768,0.1,0.6185696303898486,H-1B Transition
GPT4o,66,0.7095101725170877,0.2904898274829123,0.5794105360541523,0.7321313802756683,0.1,0.5794105360541523,H-1B Transition
GPT4o,67,0.412291736080127,0.587708263919873,0.7923043820012413,0.7768546272906462,0.1,0.7923043820012413,H-1B Transition
GPT4o,68,0.4158122624796233,0.5841877375203768,0.7806257917345888,0.739489025808572,0.2,0.7806257917345888,H-1B Transition
GPT4o,69,0.3180534874636626,0.6819465125363374,0.7175994862322358,0.762718802322831,0.1,0.7175994862322358,H-1B Transition
GPT4o,70,0.1722048017130766,0.8277951982869234,0.8148728831786334,0.773285003244274,0.0,0.8148728831786334,H-1B Transition
GPT4o,71,0.4417949273774147,0.5582050726225853,0.6940169087419507,0.6890501192384184,0.3,0.6940169087419507,Remote Work
GPT4o,72,0.8190751931083929,0.18092480689160706,0.6030826896386899,0.7579902743378567,0.0,0.6030826896386899,Remote Work
GPT4o,73,0.0685702068805984,0.9314297931194016,0.7714495186886753,0.7754625282597801,0.4,0.7714495186886753,Remote Work
GPT4o,74,0.3311072018038365,0.6688927981961634,0.6740871050983226,0.6748821518917247,0.1,0.6740871050983226,Remote Work
GPT4o,75,0.485629711171627,0.514370288828373,0.547900180089301,0.7563466374871075,0.0,0.547900180089301,Remote Work
GPT4o,76,0.5290119980597944,0.4709880019402056,0.7921822286895744,0.7530934461537159,0.1,0.7921822286895744,Remote Work
GPT4o,77,0.2953708470472617,0.7046291529527383,0.7932869926047087,0.8111447277863378,0.3,0.7932869926047087,Remote Work
GPT4o,78,0.2508643602678377,0.7491356397321622,0.7470010145730847,0.6650878401323521,0.1,0.7470010145730847,Remote Work
GPT4o,79,0.8338122691794381,0.16618773082056193,0.5539941182220959,0.772776276800989,0.0,0.5539941182220959,Remote Work
GPT4o,80,0.2177960275861469,0.7822039724138531,0.7406799080461767,0.7822634662682031,0.4,0.7406799080461767,Remote Work
GPT4o,81,0.4269160042014874,0.5730839957985125,0.7435381513155116,0.7947443605490704,0.4,0.7435381513155116,Multiple Jobs
GPT4o,82,0.0679545641500702,0.9320454358499298,0.7735450854938909,0.7255480518628166,0.2,0.7735450854938909,Multiple Jobs
GPT4o,83,0.1583239470897341,0.8416760529102659,0.7639574148879603,0.7818387286259141,0.3,0.7639574148879603,Multiple Jobs
GPT4o,84,0.2497086449358185,0.7502913550641814,0.7509711835472715,0.6395476888368332,0.5,0.7509711835472715,Multiple Jobs
GPT4o,85,0.2950746124225842,0.7049253875774157,0.7945658644542107,0.7528962351364976,0.3,0.7945658644542107,Multiple Jobs
GPT4o,86,0.8134851828548704,0.18651481714512963,0.6217160571504318,0.7525033703960766,0.0,0.6217160571504318,Multiple Jobs
GPT4o,87,0.4491797845800249,0.5508202154199751,0.6694007180665834,0.783709922734176,0.2,0.6694007180665834,Multiple Jobs
GPT4o,88,0.8126851630539402,0.18731483694605977,0.6243827898201991,0.7627749658128701,0.0,0.6243827898201991,Multiple Jobs
GPT4o,89,0.4351305195860735,0.5648694804139265,0.7162793374498698,0.747703549226494,0.2,0.7162793374498698,Multiple Jobs
GPT4o,90,0.5602967173431149,0.4397032826568851,0.6878998310785059,0.682029890985044,0.4,0.6878998310785059,Multiple Jobs
GPT4o,91,0.1698677578393663,0.8301322421606336,0.8226630294243347,0.782121300458069,0.1,0.8226630294243347,Grace Period
GPT4o,92,0.255360298075549,0.7446397019244511,0.7321625035446191,0.7309601416166466,0.0,0.7321625035446191,Grace Period
GPT4o,93,0.0551973853202863,0.9448026146797137,0.8159866819812338,0.7990082943698222,0.3,0.8159866819812338,Grace Period
GPT4o,94,0.2443853840904078,0.7556146159095922,0.7687153863653071,0.7098414700433526,0.2,0.7687153863653071,Grace Period
GPT4o,95,0.1964473218612663,0.8035526781387337,0.7340316190537484,0.7346661466202988,0.2,0.7340316190537484,Grace Period
GPT4o,96,0.0587535549131623,0.9412464450868377,0.8041548169561253,0.7501165216189944,0.4,0.8041548169561253,Grace Period
GPT4o,97,0.4279750619382405,0.5720249380617595,0.6104534972429023,0.8194689840021723,0.0,0.6104534972429023,Grace Period
GPT4o,98,0.8819938381857069,0.11800616181429313,0.39335387271431027,0.7280447996454759,0.1,0.39335387271431027,Grace Period
GPT4o,99,0.8054050232342923,0.1945949767657077,0.6486499225523588,0.6929045757456536,0.0,0.6486499225523588,Grace Period
GPT4o,100,0.0738435651201281,0.9261564348798719,0.7539156593787051,0.8067148893108846,0.1,0.7539156593787051,Grace Period
GPT4o,101,0.6018424228321023,0.3981575771678977,0.8086734053744735,0.8147457800644899,0.2,0.8086734053744735,Admin Issues
GPT4o,102,0.1501797051238711,0.8498202948761289,0.7586602421796889,0.7981845812428352,0.2,0.7586602421796889,Admin Issues
GPT4o,103,0.0689701409886059,0.9310298590113941,0.7704581170852036,0.7660116758082222,0.1,0.7704581170852036,Admin Issues
GPT4o,104,0.0559897824640445,0.9440102175359555,0.8133673917865181,0.8129747329645913,0.1,0.8133673917865181,Admin Issues
GPT4o,105,0.2235042432216066,0.7764957567783934,0.7735043744464964,0.780672776792148,0.2,0.7735043744464964,Admin Issues
GPT4o,106,0.0642211760209714,0.9357788239790286,0.7859294132634287,0.7689585321728634,0.1,0.7859294132634287,Admin Issues
GPT4o,107,0.4344137054294069,0.5655862945705932,0.7186209819019769,0.7715671033233832,0.0,0.7186209819019769,Admin Issues
GPT4o,108,0.0587760434057656,0.9412239565942344,0.8040330630732244,0.8216035892336261,0.2,0.8040330630732244,Admin Issues
GPT4o,109,0.0615365129334271,0.9384634870665729,0.7948782902219094,0.7829257039722545,0.1,0.7948782902219094,Admin Issues
GPT4o,110,0.2874157994814725,0.7125842005185274,0.8197251128395361,0.7676934906469356,0.3,0.8197251128395361,Admin Issues
GPT4o,111,0.1892880659701159,0.8107119340298841,0.7582404071367262,0.7903720580834116,0.2,0.7582404071367262,Admin Issues
GPT4o,112,0.3138974549052584,0.6861025450947416,0.7314529280935829,0.6946243799667003,0.2,0.7314529280935829,Admin Issues
GPT4o,113,0.1823044638691588,0.8176955361308412,0.7812073426583594,0.769902961450831,0.4,0.7812073426583594,Admin Issues
GPT4o,114,0.8444539765697763,0.15554602343022372,0.5184867447674121,0.70697572160069,0.0,0.5184867447674121,Admin Issues
GPT4o,115,0.452439472598657,0.547560527401343,0.6585452290755164,0.7261335600779288,0.2,0.6585452290755164,Admin Issues
GPT4o,116,0.0419105600378801,0.9580894399621199,0.860298133207066,0.8528944317416136,0.4,0.860298133207066,Admin Issues
GPT4o,117,0.1285552160334055,0.8714447839665945,0.8307619119678094,0.656180982085553,0.5,0.8307619119678094,Admin Issues
GPT4o,118,0.0471645462382055,0.9528354537617945,0.8427848458726481,0.8117795394220839,0.4,0.8427848458726481,Admin Issues
GPT4o,119,0.0472961739875483,0.9527038260124517,0.842346086708172,0.7906894952393626,0.1,0.842346086708172,Admin Issues
GPT4o,120,0.0724977721112433,0.9275022278887567,0.7583407596291888,0.8047590268502591,0.3,0.7583407596291888,Admin Issues
GPT4o,121,0.1920591952967463,0.8079408047032537,0.7488141656977072,0.7387449049406277,0.2,0.7488141656977072,Academic Issues
GPT4o,122,0.8571629555240416,0.14283704447595835,0.4761234815865275,0.8185244780262747,0.0,0.4761234815865275,Academic Issues
GPT4o,123,0.2279795409620409,0.7720204590379591,0.6289570856820854,0.7965864170086413,0.3,0.6289570856820854,Academic Issues
GPT4o,124,0.8042642524600278,0.19573574753997225,0.6524524917999074,0.7361834696227325,0.1,0.6524524917999074,Academic Issues
GPT4o,125,0.8208139947692235,0.17918600523077655,0.5972866841025884,0.7259864034195881,0.0,0.5972866841025884,Academic Issues
GPT4o,126,0.1143831307313794,0.8856168692686206,0.6187228975620687,0.6760993100894432,0.3,0.6187228975620687,Academic Issues
GPT4o,127,0.4770587143416225,0.5229412856583775,0.5769382215781277,0.8025751426270963,0.1,0.5769382215781277,Academic Issues
GPT4o,128,0.4854960273792555,0.5145039726207445,0.5483083877328748,0.7906361678661853,0.1,0.5483083877328748,Academic Issues
GPT4o,129,0.1567758180753582,0.8432241819246418,0.7366888203174227,0.7445917147515446,0.3,0.7366888203174227,Academic Issues
GPT4o,130,0.2087664071715727,0.7912335928284273,0.6929772044372967,0.8140249921157245,0.2,0.6929772044372967,Academic Issues
GPT4o,131,0.3128248595359721,0.6871751404640278,0.735008275166162,0.7714076886612832,0.2,0.735008275166162,Academic Issues
GPT4o,132,0.238793409042328,0.761206590957672,0.787341061669756,0.7919409192354306,0.1,0.787341061669756,Academic Issues
GPT4o,133,0.8294046691290929,0.17059533087090706,0.5686511029030232,0.7503345992705556,0.1,0.5686511029030232,Academic Issues
GPT4o,134,0.8207068360093924,0.17929316399060757,0.5976438799686917,0.7766481266731484,0.0,0.5976438799686917,Academic Issues
GPT4o,135,0.8638547781395538,0.1361452218604462,0.45381740620148725,0.7790214829003155,0.0,0.45381740620148725,Academic Issues
GPT4o,136,0.8415541021896221,0.15844589781037788,0.5281529927012595,0.7760302621314437,0.0,0.5281529927012595,Academic Issues
GPT4o,137,0.8591815776413785,0.14081842235862152,0.46939474119540486,0.7314966374550924,0.0,0.46939474119540486,Academic Issues
GPT4o,138,0.2361030367564086,0.7638969632435915,0.7963232108119713,0.8276903495322234,0.1,0.7963232108119713,Academic Issues
GPT4o,139,0.8378928622681514,0.1621071377318486,0.5403571257728287,0.6851010160689037,0.1,0.5403571257728287,Academic Issues
GPT4o,140,0.8166356312842851,0.18336436871571493,0.6112145623857164,0.7741551382810788,0.0,0.6112145623857164,Academic Issues
GPT4o,141,0.2280967399294073,0.7719032600705927,0.8230108669019753,0.785414758282447,0.1,0.8230108669019753,Dependents (F-2)
GPT4o,142,0.0588890212207213,0.9411109787792787,0.8037032625975956,0.7490021838254425,0.2,0.8037032625975956,Dependents (F-2)
GPT4o,143,0.1600313240403055,0.8399686759596945,0.8554374130266617,0.8434399460321501,0.1,0.8554374130266617,Dependents (F-2)
GPT4o,144,0.3484563057550012,0.6515436942449988,0.8107273342189103,0.7946979358033445,0.1,0.8107273342189103,Dependents (F-2)
GPT4o,145,0.4635486171134501,0.5364513828865499,0.6215200908368231,0.7466881865886401,0.2,0.6215200908368231,Dependents (F-2)
GPT4o,146,0.2761651941466756,0.7238348058533244,0.6627826861777479,0.759842320714108,0.4,0.6627826861777479,Dependents (F-2)
GPT4o,147,0.4311240271468124,0.5688759728531876,0.7295865761772917,0.739693581243466,0.0,0.7295865761772917,Dependents (F-2)
GPT4o,148,0.0698110398571161,0.9301889601428839,0.7672435332415519,0.7779507953721051,0.2,0.7672435332415519,Dependents (F-2)
GPT4o,149,0.2341940795516238,0.7658059204483763,0.8026864014945871,0.7769722505107144,0.0,0.8026864014945871,Dependents (F-2)
GPT4o,150,0.1833952201830006,0.8166047798169994,0.7776112279570484,0.8306632983675091,0.1,0.7776112279570484,Dependents (F-2)
GPT4o,151,0.0463834880834045,0.9536165119165955,0.8453883730553182,0.8364085626827,0.4,0.8453883730553182,Dependents (F-2)
GPT4o,152,0.247157614217609,0.7528423857823909,0.7594746192746364,0.7857790762804117,0.0,0.7594746192746364,Dependents (F-2)
GPT4o,153,0.0491319577926499,0.9508680422073501,0.8362268073578335,0.7927120052264696,0.2,0.8362268073578335,Dependents (F-2)
GPT4o,154,0.2611033834344378,0.7388966165655622,0.7129887218852072,0.7891300602041792,0.1,0.7129887218852072,Dependents (F-2)
GPT4o,155,0.0593219567554022,0.9406780432445978,0.8023511813685583,0.7800192774373375,0.1,0.8023511813685583,Dependents (F-2)
GPT4o,156,0.0601872426204421,0.9398127573795579,0.7993758579318594,0.8320881169914774,0.1,0.7993758579318594,Dependents (F-2)
GPT4o,157,0.2444698573398053,0.7555301426601947,0.7684334028470902,0.7839859922741037,0.1,0.7684334028470902,Dependents (F-2)
GPT4o,158,0.2333749858839979,0.766625014116002,0.8054013962406205,0.7814717876086105,0.0,0.8054013962406205,Dependents (F-2)
GPT4o,159,0.5396529992846972,0.46034700071530277,0.7567122246065647,0.8230019184405613,0.2,0.7567122246065647,Dependents (F-2)
GPT4o,160,0.0499134200874391,0.9500865799125608,0.833575465535491,0.8080353205980385,0.1,0.833575465535491,Dependents (F-2)
GPT4o,161,0.2302639220581881,0.7697360779418119,0.815784847704814,0.7881819097440597,0.0,0.815784847704814,Tax
GPT4o,162,0.2285629044586063,0.7714370955413937,0.8214569851379788,0.7479212986761421,0.0,0.8214569851379788,Tax
GPT4o,163,0.23380976765308,0.76619023234692,0.8039674411563997,0.8278384469824474,0.0,0.8039674411563997,Tax
GPT4o,164,0.0793366421805798,0.9206633578194202,0.7355445260647339,0.6943671736223348,0.1,0.7355445260647339,Tax
GPT4o,165,0.8190714351642905,0.18092856483570952,0.6031163974868728,0.7439524577907385,0.0,0.6031163974868728,Tax
GPT4o,166,0.8176870010107592,0.1823129989892408,0.6077035520878062,0.7619158173248999,0.1,0.6077035520878062,Tax
GPT4o,167,0.7896378359736427,0.21036216402635732,0.700840386185416,0.8028868838360328,0.0,0.700840386185416,Tax
GPT4o,168,0.7799204367245295,0.2200795632754705,0.7335985442515682,0.7455818511012583,0.1,0.7335985442515682,Tax
GPT4o,169,0.82009299701389,0.17990700298610995,0.5996319782043453,0.7108275325082356,0.1,0.5996319782043453,Tax
GPT4o,170,0.7777373333716392,0.2222626666283608,0.7408854594338729,0.7944223212220585,0.1,0.7408854594338729,Tax
GPT4o,171,0.0615672987773035,0.9384327012226965,0.7947756707423214,0.7838460632067077,0.0,0.7947756707423214,Tax
GPT4o,172,0.8574322822186735,0.1425677177813265,0.47522572593775475,0.7724151252845394,0.1,0.47522572593775475,Tax
GPT4o,173,0.43087734129622,0.56912265870378,0.7304088623459333,0.8164833041873238,0.1,0.7304088623459333,Tax
GPT4o,174,0.0595871509429639,0.9404128490570361,0.8012679040066124,0.7182235945314469,0.0,0.8012679040066124,Tax
GPT4o,175,0.4943116969968931,0.505688303003107,0.7522943433436894,0.8623803750142863,0.1,0.7522943433436894,Tax
GPT4o,176,0.3362288465745755,0.6637711534254245,0.6570149558625261,0.717358600242024,0.2,0.6570149558625261,Tax
GPT4o,177,0.8067592938617553,0.19324070613824473,0.6441366479740325,0.6664815048201038,0.0,0.6441366479740325,Tax
GPT4o,178,0.4887859157405703,0.5112140842594297,0.5375271186139536,0.7532082881572915,0.0,0.5375271186139536,Tax
GPT4o,179,0.8218577763811978,0.17814222361880216,0.5939645671669995,0.7413208899826023,0.0,0.5939645671669995,Tax
GPT4o,180,0.0697353571375758,0.9302646428624242,0.767548809541414,0.7955080649673573,0.0,0.767548809541414,Tax
GPT4o,181,0.428296907303565,0.571703092696435,0.7390103089881165,0.7526754723663741,0.1,0.7390103089881165,Long-term Planning
GPT4o,182,0.4139012142390221,0.5860987857609778,0.7869959525365927,0.7639229660173389,0.0,0.7869959525365927,Long-term Planning
GPT4o,183,0.4313423347431762,0.5686576652568238,0.7288588841894125,0.7417150787971578,0.1,0.7288588841894125,Long-term Planning
GPT4o,184,0.0869935231494478,0.9130064768505521,0.7100215895018404,0.6659665609031523,0.2,0.7100215895018404,Long-term Planning
GPT4o,185,0.5278292598690348,0.47217074013096516,0.7961246893254394,0.809592980418458,0.2,0.7961246893254394,Long-term Planning
GPT4o,186,0.060684815767367,0.939315184232633,0.797717280775443,0.7614629848712723,0.1,0.797717280775443,Long-term Planning
GPT4o,187,0.4057773687775377,0.5942226312224623,0.8140754374082078,0.7787774392039799,0.0,0.8140754374082078,Long-term Planning
GPT4o,188,0.0577395294513806,0.9422604705486194,0.8075349018287313,0.7531650359254815,0.1,0.8075349018287313,Long-term Planning
GPT4o,189,0.80904310266045,0.19095689733955,0.6365229911318332,0.7449589244165611,0.0,0.6365229911318332,Long-term Planning
GPT4o,190,0.4084301448117112,0.5915698551882889,0.8052328506276293,0.8054664891142179,0.0,0.8052328506276293,Long-term Planning
GPT4o,191,0.0352517060306957,0.9647482939693043,0.8824943132310142,0.849429830365662,0.1,0.8824943132310142,Long-term Planning
GPT4o,192,0.2739823060716903,0.7260176939283097,0.6700589797610325,0.7719942671387386,0.1,0.6700589797610325,Long-term Planning
GPT4o,193,0.4388827981377249,0.5611172018622751,0.7037240062075835,0.7470249119450373,0.1,0.7037240062075835,Long-term Planning
GPT4o,194,0.7871711112952409,0.21282888870475913,0.7094120474141264,0.7487823381066709,0.1,0.7094120474141264,Long-term Planning
GPT4o,195,0.0682517481777042,0.9317482518222958,0.7724941727409858,0.7989250410342881,0.2,0.7724941727409858,Long-term Planning
GPT4o,196,0.046889270298956,0.953110729701044,0.843681345738586,0.7628228545361572,0.1,0.843681345738586,Long-term Planning
GPT4o,197,0.423928279945768,0.576071720054232,0.7535724001807733,0.6986379921575053,0.0,0.7535724001807733,Long-term Planning
GPT4o,198,0.5450343090202079,0.4549656909797921,0.7387745254881959,0.7715690407619185,0.2,0.7387745254881959,Long-term Planning
GPT4o,199,0.7738576799583351,0.2261423200416649,0.7538077334722162,0.7473692364176202,0.0,0.7538077334722162,Long-term Planning
GPT4o,200,0.6496286567839239,0.3503713432160761,0.6493859588684017,0.8248273246574896,0.2,0.6493859588684017,Long-term Planning
Claude,1,0.2030688116950125,0.7969311883049874,0.7897706276832915,0.8169944084934428,0.1,0.7897706276832915,Initial F-1 Entry
Claude,2,0.5587147471798045,0.4412852528201955,0.5636218783555784,0.6556630530782499,0.0,0.5636218783555784,Initial F-1 Entry
Claude,3,0.1949120946935272,0.8050879053064728,0.7391819065771312,0.7452651094544509,0.4,0.7391819065771312,Initial F-1 Entry
Claude,4,0.8127752604597722,0.18722473954022778,0.6240824651340925,0.771873076183064,0.0,0.6240824651340925,Initial F-1 Entry
Claude,5,0.8410285378783026,0.15897146212169744,0.5306037317948228,0.7736242612999831,0.1,0.5306037317948228,Initial F-1 Entry
Claude,6,0.155855335247733,0.844144664752267,0.7397414751001492,0.7905079933268909,0.1,0.7397414751001492,Initial F-1 Entry
Claude,7,0.8621026696027005,0.13789733039729946,0.4596577679909979,0.6638656228994558,0.0,0.4596577679909979,Initial F-1 Entry
Claude,8,0.1772313456389258,0.8227686543610742,0.7980234752698663,0.7609307192466225,0.4,0.7980234752698663,Initial F-1 Entry
Claude,9,0.2512196597798889,0.7487803402201111,0.5514900229559258,0.7620720661815044,0.1,0.5514900229559258,Initial F-1 Entry
Claude,10,0.9123627505631948,0.08763724943680518,0.29212416478935055,0.6142576377122817,0.0,0.29212416478935055,Initial F-1 Entry
Claude,11,0.0608651426755841,0.9391348573244159,0.7971161910813863,0.6114477948136727,0.2,0.7971161910813863,CPT
Claude,12,0.8772394930870694,0.12276050691293061,0.4092016897097685,0.7611028714179181,0.1,0.4092016897097685,CPT
Claude,13,0.2034797901829731,0.7965202098170269,0.7106229216123118,0.7723012331402169,0.4,0.7106229216123118,CPT
Claude,14,0.4709028962785382,0.5290971037214618,0.5970059462588777,0.7138493296756309,0.1,0.5970059462588777,CPT
Claude,15,0.3402770308653108,0.6597229691346892,0.6435210082267416,0.6960726151521497,0.3,0.6435210082267416,CPT
Claude,16,0.419598661181548,0.580401338818452,0.7680044627281732,0.7721947188267161,0.4,0.7680044627281732,CPT
Claude,17,0.0686458730431997,0.9313541269568003,0.7711804231893341,0.7612660488062232,0.4,0.7711804231893341,CPT
Claude,18,0.2016144598416269,0.798385540158373,0.7168406894167991,0.6635403991425189,0.4,0.7168406894167991,CPT
Claude,19,0.5559209097597196,0.44407909024028036,0.7024808774983498,0.6628121872631035,0.2,0.7024808774983498,CPT
Claude,20,0.3011181969611127,0.6988818030388873,0.5796060101296243,0.6682991393839316,0.1,0.5796060101296243,CPT
Claude,21,0.058871309299612,0.941128690700388,0.8037648999191218,0.7662992500556518,0.3,0.8037648999191218,OPT
Claude,22,0.0678842714476282,0.9321157285523718,0.7737258991898189,0.6769820890676418,0.4,0.7737258991898189,OPT
Claude,23,0.4370390757600653,0.5629609242399347,0.7099314788875014,0.7832889754312046,0.1,0.7099314788875014,OPT
Claude,24,0.401583320576275,0.598416679423725,0.698419610711564,0.7377064073237735,0.5,0.698419610711564,OPT
Claude,25,0.0730122102849627,0.9269877897150373,0.756625965716791,0.7226959808146024,0.5,0.756625965716791,OPT
Claude,26,0.4386537047874691,0.5613462952125309,0.7044876507084362,0.7209264517712074,0.2,0.7044876507084362,OPT
Claude,27,0.3530858995543275,0.6469141004456724,0.7952902991394328,0.8165718321145649,0.3,0.7952902991394328,OPT
Claude,28,0.0689246835844362,0.9310753164155638,0.7702510547185458,0.7635990428759161,0.6,0.7702510547185458,OPT
Claude,29,0.057744124126527,0.942255875873473,0.807522489059829,0.7375933896840011,0.1,0.807522489059829,OPT
Claude,30,0.0913472095223147,0.9086527904776853,0.6955093015922843,0.7770144986613798,0.4,0.6955093015922843,OPT
Claude,31,0.2911721714350152,0.7088278285649847,0.8072038729943937,0.8581396194611112,0.4,0.8072038729943937,STEM OPT
Claude,32,0.0571756518941044,0.9428243481058955,0.8094144936863183,0.8082451072152912,0.3,0.8094144936863183,STEM OPT
Claude,33,0.316574639655507,0.6834253603444931,0.7225289789260877,0.7244082143562602,0.2,0.7225289789260877,STEM OPT
Claude,34,0.1188265926470195,0.8811734073529804,0.8631706171025275,0.5771030744657347,0.3,0.8631706171025275,STEM OPT
Claude,35,0.1342787296036183,0.8657212703963817,0.8116634939138649,0.8136810209760837,0.4,0.8116634939138649,STEM OPT
Claude,36,0.1748965364229326,0.8251034635770674,0.8059004341457802,0.7114082902560864,0.2,0.8059004341457802,STEM OPT
Claude,37,0.8397049342438367,0.16029506575616326,0.5343168858538775,0.7572261981871923,0.0,0.5343168858538775,STEM OPT
Claude,38,0.2989766991421738,0.7010233008578262,0.7811887806371984,0.819708151741699,0.3,0.7811887806371984,STEM OPT
Claude,39,0.053025336007825,0.946974663992175,0.8232488799739164,0.8075364365276075,0.2,0.8232488799739164,STEM OPT
Claude,40,0.1984972869768302,0.8015027130231698,0.7272312656327884,0.7874154788253713,0.4,0.7272312656327884,STEM OPT
Claude,41,0.2503095527499128,0.7496904472500872,0.7489681575002907,0.7620992059733447,0.2,0.7489681575002907,Job Loss
Claude,42,0.7903919177232257,0.2096080822767743,0.40702694092258085,0.7005854553422868,0.1,0.40702694092258085,Job Loss
Claude,43,0.8300238129266735,0.1699761870733265,0.5665872902444216,0.805350668499438,0.0,0.5665872902444216,Job Loss
Claude,44,0.7972046078540034,0.20279539214599662,0.6759846404866553,0.7746869850765413,0.0,0.6759846404866553,Job Loss
Claude,45,0.3257873214417947,0.6742126785582053,0.6918200396384623,0.7389147265173082,0.2,0.6918200396384623,Job Loss
Claude,46,0.667380153032783,0.332619846967217,0.5254760701589097,0.7185169839508435,0.0,0.5254760701589097,Job Loss
Claude,47,0.8493003025668526,0.15069969743314737,0.5023323247771576,0.7501498675857705,0.0,0.5023323247771576,Job Loss
Claude,48,0.8865338928170888,0.11346610718291117,0.3782203572763705,0.6139106904678108,0.1,0.3782203572763705,Job Loss
Claude,49,0.5382676512427839,0.46173234875721614,0.7613300514129427,0.7763685684734056,0.2,0.7613300514129427,Job Loss
Claude,50,0.8507510530409446,0.14924894695905544,0.4974964898635181,0.8020139965078013,0.1,0.4974964898635181,Job Loss
Claude,51,0.1248978723584413,0.8751021276415587,0.7781543724722869,0.7685853694678975,0.5,0.7781543724722869,Travel
Claude,52,0.1446389947835877,0.8553610052164123,0.828981128499152,0.7885693908532798,0.4,0.828981128499152,Travel
Claude,53,0.3440596504578247,0.6559403495421753,0.6307217928727129,0.8042272355062955,0.2,0.6307217928727129,Travel
Claude,54,0.3046854032136418,0.6953145967863582,0.7621740478560869,0.7383240884138988,0.4,0.7621740478560869,Travel
Claude,55,0.0647945743850132,0.9352054256149868,0.7841197918979017,0.7957698242697377,0.5,0.7841197918979017,Travel
Claude,56,0.1805398629957585,0.8194601370042415,0.6573651206442965,0.8136553394013515,0.4,0.6573651206442965,Travel
Claude,57,0.1269433107646079,0.8730566892353921,0.5768556307846401,0.698307567143255,0.2,0.5768556307846401,Travel
Claude,58,0.8659087569226969,0.13409124307730313,0.44697081025767715,0.5950773154014666,0.0,0.44697081025767715,Travel
Claude,59,0.8210712897928154,0.1789287102071846,0.5964290340239484,0.8006997271333793,0.0,0.5964290340239484,Travel
Claude,60,0.0592501983752538,0.9407498016247462,0.8024993387491537,0.7359886000832957,0.4,0.8024993387491537,Travel
Claude,61,0.0674305956564369,0.9325694043435631,0.7752543743800857,0.7045695980391106,0.3,0.7752543743800857,H-1B Transition
Claude,62,0.4137121368547246,0.5862878631452755,0.7876262104842513,0.7645842898941987,0.2,0.7876262104842513,H-1B Transition
Claude,63,0.1462018734557587,0.8537981265442414,0.8043270884808041,0.7019283249220238,0.1,0.8043270884808041,H-1B Transition
Claude,64,0.1210368669123524,0.8789631330876476,0.5965437769588252,0.7705304294014346,0.2,0.5965437769588252,H-1B Transition
Claude,65,0.4581486572946535,0.5418513427053465,0.6395759251239802,0.794018777291653,0.0,0.6395759251239802,H-1B Transition
Claude,66,0.7181776225360577,0.28182237746394234,0.5505190359909191,0.7301553679506431,0.2,0.5505190359909191,H-1B Transition
Claude,67,0.0719753954212062,0.9280246045787938,0.7600820152626458,0.7740690544734483,0.2,0.7600820152626458,H-1B Transition
Claude,68,0.4260799721267683,0.5739200278732317,0.7464449521108893,0.7784303170491608,0.2,0.7464449521108893,H-1B Transition
Claude,69,0.3217113595372071,0.6782886404627929,0.7054065793204207,0.8006837211113962,0.1,0.7054065793204207,H-1B Transition
Claude,70,0.1771880663642144,0.8228119336357855,0.7982620010081738,0.7604422289408795,0.0,0.7982620010081738,H-1B Transition
Claude,71,0.450656255038271,0.549343744961729,0.6644818586901474,0.664236824774124,0.2,0.6644818586901474,Remote Work
Claude,72,0.8185620977692688,0.1814379022307312,0.604663324803265,0.7536833390268461,0.0,0.604663324803265,Remote Work
Claude,73,0.4397375936576434,0.5602624063423566,0.7008746878078552,0.7449485533937946,0.3,0.7008746878078552,Remote Work
Claude,74,0.3441722823704378,0.6558277176295622,0.6305368365429852,0.7870550409455797,0.1,0.6305368365429852,Remote Work
Claude,75,0.4946473516142708,0.5053526483857291,0.5178421612857639,0.762847411808687,0.0,0.5178421612857639,Remote Work
Claude,76,0.5391670280839406,0.46083297191605943,0.7583321286090872,0.7987633027044471,0.1,0.7583321286090872,Remote Work
Claude,77,0.2985973969100873,0.7014026030899128,0.78245312141082,0.756154857904019,0.4,0.78245312141082,Remote Work
Claude,78,0.2639897186473084,0.7360102813526916,0.7033676045089716,0.6551753447915917,0.2,0.7033676045089716,Remote Work
Claude,79,0.8368901760359398,0.16310982396406015,0.5436994132135335,0.7503735993151895,0.0,0.5436994132135335,Remote Work
Claude,80,0.2308696259873794,0.7691303740126206,0.697101246708735,0.761269060039008,0.3,0.697101246708735,Remote Work
Claude,81,0.4238790251319601,0.5761209748680399,0.7537365828934661,0.7950005192371683,0.4,0.7537365828934661,Multiple Jobs
Claude,82,0.0682579594924828,0.9317420405075172,0.7724734683583904,0.7886569144647108,0.5,0.7724734683583904,Multiple Jobs
Claude,83,0.1596398433353199,0.8403601566646801,0.7595338555489335,0.7727305139983256,0.2,0.7595338555489335,Multiple Jobs
Claude,84,0.4428859323026157,0.5571140676973843,0.6903802256579473,0.7002331313152588,0.4,0.6903802256579473,Multiple Jobs
Claude,85,0.3005462689648458,0.6994537310351542,0.7759568812282918,0.8038344263182369,0.4,0.7759568812282918,Multiple Jobs
Claude,86,0.8040069120249763,0.19599308797502368,0.6533102932500788,0.7611142040122755,0.0,0.6533102932500788,Multiple Jobs
Claude,87,0.4524419796203728,0.5475580203796272,0.6585267345987573,0.7877064774498549,0.2,0.6585267345987573,Multiple Jobs
Claude,88,0.8146886340231375,0.18531136597686249,0.6176845981980538,0.7504450504257276,0.1,0.6176845981980538,Multiple Jobs
Claude,89,0.4357413726397851,0.5642586273602149,0.7141954245340496,0.7183852329193566,0.1,0.7141954245340496,Multiple Jobs
Claude,90,0.569302099362256,0.43069790063774405,0.6578818910147024,0.7701428640098816,0.3,0.6578818910147024,Multiple Jobs
Claude,91,0.3081441157895363,0.6918558842104636,0.75063072514599,0.7843485629970464,0.1,0.75063072514599,Grace Period
Claude,92,0.1114103102479226,0.8885896897520774,0.6286322991735913,0.6393359656267362,0.1,0.6286322991735913,Grace Period
Claude,93,0.0565123859021357,0.9434876140978643,0.8116253803262142,0.8028574207936611,0.2,0.8116253803262142,Grace Period
Claude,94,0.2674041737547751,0.7325958262452249,0.6919860874840827,0.7387572247587302,0.2,0.6919860874840827,Grace Period
Claude,95,0.4177822996020297,0.5822177003979703,0.6444293716969381,0.71392745910869,0.1,0.6444293716969381,Grace Period
Claude,96,0.071048209797413,0.928951790202587,0.7631726340086232,0.7716363518730582,0.3,0.7631726340086232,Grace Period
Claude,97,0.3231842039417232,0.6768157960582768,0.5708245470334937,0.8290580596001725,0.2,0.5708245470334937,Grace Period
Claude,98,0.8922669552921009,0.10773304470789913,0.3591101490263302,0.7014070881481017,0.1,0.3591101490263302,Grace Period
Claude,99,0.8235690942844163,0.17643090571558373,0.5880315123047423,0.6842189048281465,0.0,0.5880315123047423,Grace Period
Claude,100,0.2026785702597817,0.7973214297402182,0.7132936546896164,0.7571150168732047,0.1,0.7132936546896164,Grace Period
Claude,101,0.6143397439487484,0.38566025605125165,0.7670156683189868,0.7888110073384311,0.2,0.7670156683189868,Admin Issues
Claude,102,0.15966208255623,0.84033791744377,0.7270523174051592,0.8327215101461922,0.2,0.7270523174051592,Admin Issues
Claude,103,0.05767863019208,0.94232136980792,0.8077378993597331,0.7610024919695456,0.1,0.8077378993597331,Admin Issues
Claude,104,0.0627550121896614,0.9372449878103386,0.7908166260344618,0.7841418153404928,0.1,0.7908166260344618,Admin Issues
Claude,105,0.2321211548568437,0.7678788451431563,0.7447695495666963,0.7762747556922102,0.2,0.7447695495666963,Admin Issues
Claude,106,0.0565491550217926,0.9434508449782074,0.8115028165940246,0.7642102214566273,0.2,0.8115028165940246,Admin Issues
Claude,107,0.7869022845340297,0.21309771546597034,0.7102392214344418,0.8039588104184314,0.1,0.7102392214344418,Admin Issues
Claude,108,0.0713595431679239,0.9286404568320761,0.7621348561069202,0.7715281014947691,0.2,0.7621348561069202,Admin Issues
Claude,109,0.0688394184356857,0.9311605815643142,0.7705352718810475,0.7814561976142681,0.2,0.7705352718810475,Admin Issues
Claude,110,0.2980086188812797,0.7019913811187203,0.784404940957125,0.8156379833260137,0.3,0.784404940957125,Admin Issues
Claude,111,0.0741922283458398,0.9258077716541602,0.752692572180534,0.7864733801946157,0.3,0.752692572180534,Admin Issues
Claude,112,0.0706344339204022,0.9293655660795979,0.7643124181474146,0.7764453817152361,0.3,0.7643124181474146,Admin Issues
Claude,113,0.0765265893520504,0.9234734106479496,0.7449113688264984,0.755389474849752,0.5,0.7449113688264984,Admin Issues
Claude,114,0.8444291670434617,0.15557083295653829,0.518560746443403,0.7196062257532942,0.0,0.518560746443403,Admin Issues
Claude,115,0.2733046721087135,0.7266953278912864,0.6723177596376213,0.7013901153896418,0.2,0.6723177596376213,Admin Issues
Claude,116,0.046215936962753,0.9537840630372469,0.8459468767908231,0.8414233955234314,0.3,0.8459468767908231,Admin Issues
Claude,117,0.1407368969077742,0.8592631030922258,0.7901362695666786,0.6267951431033082,0.3,0.7901362695666786,Admin Issues
Claude,118,0.0415657557895826,0.9584342442104175,0.8614474807013912,0.8241309178972693,0.3,0.8614474807013912,Admin Issues
Claude,119,0.0588214293250898,0.9411785706749102,0.8039285689163673,0.774661170500707,0.2,0.8039285689163673,Admin Issues
Claude,120,0.0842436049966149,0.9157563950033851,0.719187983344617,0.7404571108324475,0.2,0.719187983344617,Admin Issues
Claude,121,0.1980800962903347,0.8019199037096653,0.7286219012544398,0.7545454215794626,0.1,0.7286219012544398,Academic Issues
Claude,122,0.8619166486801336,0.13808335131986638,0.46031764584009244,0.7973491796931896,0.1,0.46031764584009244,Academic Issues
Claude,123,0.0911578520152972,0.9088421479847028,0.6961509468486239,0.77476785630509,0.4,0.6961509468486239,Academic Issues
Claude,124,0.8125720529327942,0.18742794706720578,0.6247598235573524,0.7444821418250718,0.1,0.6247598235573524,Academic Issues
Claude,125,0.8290534884098946,0.17094651159010543,0.5698217053003515,0.6871942266106058,0.0,0.5698217053003515,Academic Issues
Claude,126,0.1118994697233674,0.8881005302766326,0.6270456806657011,0.7838703512796383,0.2,0.6270456806657011,Academic Issues
Claude,127,0.8254475235507381,0.17455247644926186,0.5818415881642061,0.812333878294983,0.1,0.5818415881642061,Academic Issues
Claude,128,0.500760401517008,0.49923959848299204,0.49741719244717375,0.769833241621561,0.1,0.49741719244717375,Academic Issues
Claude,129,0.1679451492623715,0.8320548507376285,0.6996802718543496,0.7582364464165614,0.3,0.6996802718543496,Academic Issues
Claude,130,0.220397473302599,0.7796025266974009,0.6542306445468918,0.7921696062642988,0.3,0.6542306445468918,Academic Issues
Claude,131,0.3075287067052059,0.6924712932947941,0.7527187787456531,0.7930527426308205,0.2,0.7527187787456531,Academic Issues
Claude,132,0.2576060160483132,0.7423939839516869,0.7246261157825542,0.8122311221578841,0.1,0.7246261157825542,Academic Issues
Claude,133,0.8279644199990456,0.17203558000095442,0.5734519333365145,0.7443865835506848,0.1,0.5734519333365145,Academic Issues
Claude,134,0.8161484555055281,0.18385154449447194,0.6128384816482397,0.7890529844584668,0.0,0.6128384816482397,Academic Issues
Claude,135,0.8680413908870565,0.13195860911294355,0.4398620303764782,0.6870057370841343,0.1,0.4398620303764782,Academic Issues
Claude,136,0.8389729281241718,0.1610270718758282,0.5367569062527605,0.7600266380778186,0.0,0.5367569062527605,Academic Issues
Claude,137,0.8590988717810867,0.14090112821891332,0.46967042739637743,0.5450236932387537,0.1,0.46967042739637743,Academic Issues
Claude,138,0.0798445647546471,0.9201554352453529,0.7338593680624499,0.7769052567522585,0.3,0.7338593680624499,Academic Issues
Claude,139,0.8659136692329987,0.13408633076700127,0.4469544358900039,0.6925147410158994,0.0,0.4469544358900039,Academic Issues
Claude,140,0.8276745670995428,0.1723254329004572,0.5744181096681905,0.7491632871193709,0.0,0.5744181096681905,Academic Issues
Claude,141,0.2372346355830742,0.7627653644169258,0.7925335227620797,0.7940931339076002,0.1,0.7925335227620797,Dependents (F-2)
Claude,142,0.564013702413753,0.43598629758624696,0.6755098808430453,0.7831757761371395,0.1,0.6755098808430453,Dependents (F-2)
Claude,143,0.1671175011869323,0.8328824988130676,0.8318305515991145,0.8300702561675559,0.2,0.8318305515991145,Dependents (F-2)
Claude,144,0.0515161629071067,0.9484838370928933,0.8282794569763109,0.7769618346793425,0.1,0.8282794569763109,Dependents (F-2)
Claude,145,0.8147953269552195,0.1852046730447805,0.617348910149268,0.8013063229686541,0.1,0.617348910149268,Dependents (F-2)
Claude,146,0.2790304904446604,0.7209695095553397,0.6532316985177985,0.75132406254099,0.2,0.6532316985177985,Dependents (F-2)
Claude,147,0.2543233285640053,0.7456766714359947,0.7355889047866488,0.7416430583979295,0.0,0.7355889047866488,Dependents (F-2)
Claude,148,0.0727447702807406,0.9272552297192594,0.7575174323975311,0.795236239570171,0.4,0.7575174323975311,Dependents (F-2)
Claude,149,0.2517667606926872,0.7482332393073128,0.7441107976910425,0.7982967349107113,0.1,0.7441107976910425,Dependents (F-2)
Claude,150,0.1854539101837939,0.8145460898162061,0.7707091882762427,0.8363462207979362,0.2,0.7707091882762427,Dependents (F-2)
Claude,151,0.0561171216465905,0.9438828783534094,0.8129429278446982,0.845218361616424,0.2,0.8129429278446982,Dependents (F-2)
Claude,152,0.2529629605858349,0.7470370394141651,0.740131978535207,0.80211388623052,0.2,0.740131978535207,Dependents (F-2)
Claude,153,0.0629039317761949,0.9370960682238051,0.7902973653243498,0.7676298326580617,0.2,0.7902973653243498,Dependents (F-2)
Claude,154,0.2642243927044353,0.7357756072955647,0.7025441724332881,0.7493373171811251,0.1,0.7025441724332881,Dependents (F-2)
Claude,155,0.0602527376544873,0.9397472623455128,0.799157541151709,0.7980686685692028,0.1,0.799157541151709,Dependents (F-2)
Claude,156,0.0596772660126556,0.9403227339873445,0.8010757799578146,0.7913189993415941,0.2,0.8010757799578146,Dependents (F-2)
Claude,157,0.2642686731376071,0.7357313268623928,0.7024377562079763,0.7465808062987108,0.1,0.7024377562079763,Dependents (F-2)
Claude,158,0.0553821719321178,0.9446178280678822,0.815404562161468,0.7579462045239287,0.2,0.815404562161468,Dependents (F-2)
Claude,159,0.1844272562117699,0.8155727437882301,0.7741313681829888,0.7844909522924465,0.1,0.7741313681829888,Dependents (F-2)
Claude,160,0.0528788105370618,0.9471211894629382,0.8237372982097939,0.8245576828436737,0.4,0.8237372982097939,Dependents (F-2)
Claude,161,0.3557179404824591,0.6442820595175409,0.7865530563540234,0.8378667790880673,0.0,0.7865530563540234,Tax
Claude,162,0.2335232845676909,0.7664767154323091,0.8049223847743635,0.7939035421932541,0.0,0.8049223847743635,Tax
Claude,163,0.2321004064145375,0.7678995935854624,0.8096653119515417,0.8282572161152089,0.0,0.8096653119515417,Tax
Claude,164,0.0772041587571512,0.9227958412428487,0.7426528041428291,0.7452579215603622,0.1,0.7426528041428291,Tax
Claude,165,0.8290855579941805,0.1709144420058195,0.5697148066860647,0.7366303454435287,0.0,0.5697148066860647,Tax
Claude,166,0.8086257820258571,0.1913742179741429,0.6379140599138093,0.7053015396846227,0.0,0.6379140599138093,Tax
Claude,167,0.7981455291447057,0.2018544708552943,0.6728482361843141,0.841434857001761,0.0,0.6728482361843141,Tax
Claude,168,0.7882305874283378,0.21176941257166215,0.7059305145512453,0.7784528601582927,0.0,0.7059305145512453,Tax
Claude,169,0.8369009296094451,0.16309907039055493,0.5436635679685162,0.6570547590853861,0.1,0.5436635679685162,Tax
Claude,170,0.7850603893289039,0.21493961067109613,0.7164653689036534,0.7416515273546079,0.1,0.7164653689036534,Tax
Claude,171,0.0620415150410069,0.9379584849589931,0.7932084029335029,0.7929273597501854,0.2,0.7932084029335029,Tax
Claude,172,0.8669515249250646,0.13304847507493545,0.4434949169164512,0.7874078350234512,0.0,0.4434949169164512,Tax
Claude,173,0.4334017229231759,0.5665982770768241,0.7219511776610011,0.7524087163691275,0.2,0.7219511776610011,Tax
Claude,174,0.4209269479456115,0.5790730520543885,0.763576840181295,0.7018006010653731,0.0,0.763576840181295,Tax
Claude,175,0.5019567492026982,0.49804325079730183,0.726810835991006,0.8321028692070244,0.1,0.726810835991006,Tax
Claude,176,0.3441277888066888,0.6558722111933112,0.6306851484221484,0.7176848866861589,0.2,0.6306851484221484,Tax
Claude,177,0.8097251981248272,0.19027480187517276,0.6341527392378838,0.66777130502325,0.0,0.6341527392378838,Tax
Claude,178,0.4915664180630634,0.5084335819369366,0.5280795424730155,0.7560027492962901,0.0,0.5280795424730155,Tax
Claude,179,0.8140098074553865,0.18599019254461346,0.6199673084820447,0.7302495183689385,0.0,0.6199673084820447,Tax
Claude,180,0.4224432644843547,0.5775567355156452,0.7585224517188173,0.7548575172940337,0.0,0.7585224517188173,Tax
Claude,181,0.2978194989076137,0.7021805010923863,0.7850461147523987,0.8402599477785891,0.3,0.7850461147523987,Long-term Planning
Claude,182,0.4080361297041713,0.5919638702958288,0.8065530114137436,0.8264215613928777,0.0,0.8065530114137436,Long-term Planning
Claude,183,0.4298233114773943,0.5701766885226057,0.7339222950753522,0.719772644027909,0.1,0.7339222950753522,Long-term Planning
Claude,184,0.1009347919809312,0.8990652080190689,0.6635698954300725,0.6680861763604002,0.2,0.6635698954300725,Long-term Planning
Claude,185,0.552560599628688,0.447439400371312,0.7136868901265957,0.7764026761194067,0.0,0.7136868901265957,Long-term Planning
Claude,186,0.064726978046421,0.935273021953579,0.7842434065119298,0.7798857133878768,0.1,0.7842434065119298,Long-term Planning
Claude,187,0.419961618291137,0.580038381708863,0.7667946056962099,0.7626244703589778,0.0,0.7667946056962099,Long-term Planning
Claude,188,0.7497311879737817,0.2502688120262183,0.8342293734207277,0.7744925715674017,0.0,0.8342293734207277,Long-term Planning
Claude,189,0.1055530223306285,0.8944469776693715,0.6481091278462481,0.7450279651280806,0.1,0.6481091278462481,Long-term Planning
Claude,190,0.4204746101571829,0.5795253898428171,0.7650846328093902,0.797690411229619,0.0,0.7650846328093902,Long-term Planning
Claude,191,0.395030177082005,0.604969822917995,0.8498968186350826,0.8080386759621566,0.0,0.8498968186350826,Long-term Planning
Claude,192,0.2837059825834537,0.7162940174165463,0.6376467247218208,0.7779571133611183,0.2,0.6376467247218208,Long-term Planning
Claude,193,0.432893994141014,0.5671060058589861,0.72368668619662,0.8270439758038328,0.1,0.72368668619662,Long-term Planning
Claude,194,0.084707283095294,0.915292716904706,0.7176654423679903,0.6868370626713891,0.2,0.7176654423679903,Long-term Planning
Claude,195,0.4337850889446902,0.5662149110553099,0.7206642784731898,0.7806116872380692,0.0,0.7206642784731898,Long-term Planning
Claude,196,0.0545881861373604,0.9454118138626396,0.8180393795421318,0.7565537162021246,0.1,0.8180393795421318,Long-term Planning
Claude,197,0.4334505207374741,0.5665494792625259,0.721860092887337,0.7453417277940726,0.1,0.721860092887337,Long-term Planning
Claude,198,0.5838191280871124,0.41618087191288755,0.6094917952651807,0.7512295622370386,0.1,0.6094917952651807,Long-term Planning
Claude,199,0.7798586118078855,0.22014138819211448,0.7338046273070482,0.7371190259263601,0.0,0.7338046273070482,Long-term Planning
Claude,200,0.8082568543114865,0.19174314568851347,0.6391438189617112,0.7871172597174512,0.0,0.6391438189617112,Long-term Planning
